{
  "id": "Air-Quality-Station-24030-081",
  "type": "AirQualityStation",
  "location": {
      "type": "Point",
      "coordinates": [
	        "+0071240.09",
	       "+433927.89"
      ]
    },
  "branchCode":"081",
  "siteNumber": "24030",
  "constituantName": "ozone",
  "unitText": "microg/m3",
  "constituantMethod": "absorption_uv",
  "constituantHeight": "2",
  "maxValue": "2000",
  "minValue": "0",
  "siteIdentifier": "AEROPORT NICE",
  "siteGap": "0",
  "elevation": "+5",
  "dateCreated": "305.00.12 (Sur le nom du fichier) converti en DATETIME",
  "dateModified": "2017-09-25T09:04:26Z"
}